time,input_v,other_v,harmonic_v,noisy_v,square_v,constant_spectrum_real,constant_spectrum_imag
0.000,0.0,0.0,0.0,0.1,1.0,8.0,0.0
0.125,0.7071067811865475,1.414213562373095,0.9571067811865475,0.6363961030678927,1.0,0.0,0.0
0.250,1.0,2.0,1.0,1.0,1.0,0.0,0.0
0.375,0.7071067811865476,1.4142135623730951,0.4571067811865476,0.7778174593052023,1.0,0.0,0.0
0.500,0.0,0.0,0.0,-0.1,-1.0,0.0,0.0
0.625,-0.7071067811865475,-1.414213562373095,-0.4571067811865475,-0.6363961030678927,-1.0,0.0,0.0
0.750,-1.0,-2.0,-1.0,-1.0,-1.0,0.0,0.0
0.875,-0.7071067811865477,-1.4142135623730954,-0.9571067811865477,-0.7778174593052024,-1.0,0.0,0.0
