time,input_v,a_v,b_v,x_v,y_v,z_v,pressure_v,shunt_v,bridge_v,rtd_ohm,thermistor_ohm,frequency_hz,encoder_counts,accel_v,gyro_v,hall_v,lvdt_v,pressure_pa,photodiode_a,accel_m_s2,measured_v,command_v
0.0,0.0,1.0,0.5,3.0,4.0,0.0,0.0,0.1,0.0,100.0,10000.0,1.0,0.0,2.5,2.5,2.5,0.0,0.00002,0.04,0.0,0.0,0.0
1.0,2.5,2.0,1.0,0.0,5.0,0.0,2.5,0.2,0.005,100.385,10000.0,2.0,256.0,2.6,2.52,2.54,0.5,0.00004,0.08,2.0,1.0,10.0
2.0,5.0,3.0,1.5,4.0,0.0,0.0,5.0,0.3,0.01,100.77,10000.0,3.0,512.0,2.7,2.54,2.58,1.0,0.00008,0.12,2.0,2.0,0.0
3.0,7.5,4.0,2.0,0.0,0.0,0.0,7.5,0.4,0.015,101.155,10000.0,4.0,768.0,2.8,2.56,2.62,1.5,0.00016,0.16,2.0,3.0,10.0
